<?xml version="1.0" encoding="UTF-8"?>
<class name="ConfigController">
	<method name="get">
		<argument id="0" type="file" action="read"/>
	</method>
	<method name="getConfig">
		<argument id="0" type="file" action="read"/>
	</method>
	<method name="getUserConfig">
		<argument id="1" type="file" action="read"/>
	</method>
	<method name="set">
		<argument id="0" type="file" action="write"/>
	</method>
	<method name="setConfig">
		<argument id="0" type="file" action="write"/>
	</method>
	<method name="changeConfig">
		<argument id="0" type="file" action="write"/>
	</method>
</class>