<?xml version="1.0" encoding="UTF-8"?>
<class name="FileController">
	<method name="getContents">
		<argument id="0" type="file" action="read"/>
	</method>
	<method name="getAsBinary">
		<argument id="0" type="file" action="read"/>
	</method>
	<method name="readDir">
		<argument id="0" type="file" action="read"/>
	</method>
	<method name="getData">
		<argument id="0" type="file" action="read"/>
	</method>
	<method name="rename">
		<argument id="0" type="file" action="write"/>
	</method>
	<method name="copy">
		<argument id="0" type="file" action="read"/>
		<argument id="1" type="file" action="write"/>
	</method>
	<method name="move">
		<argument id="0" type="file" action="write"/>
		<argument id="1" type="file" action="write"/>
	</method>
	<method name="delete">
		<argument id="0" type="file" action="write"/>
	</method>
	<method name="createFile">
		<argument id="0" type="file" action="write"/>
	</method>
	<method name="createFolder">
		<argument id="0" type="file" action="write"/>
	</method>
	<method name="setContents">
		<argument id="0" type="file" action="write"/>
	</method>
	<method name="setContentsAsBinary">
		<argument id="0" type="file" action="write"/>
	</method>
	<method name="upload">
		<argument id="0" type="file" action="write"/>
	</method>
	<method name="download">
		<argument id="0" type="file" action="read"/>
	</method>
</class>