{
	"/boot/lib/json2.js":{},
	"/boot/lib/underscore-1.4.4.min.js":{},
	"/boot/lib/jquery-2.1.0.min.js":{},
	"/boot/lib/jquery-ui-1.10.4.custom.min.js":{},
	"/boot/lib/script.js":{},

	"/boot/lib/inherit.js":{},
	"/boot/lib/observer.js":{},
	"/boot/lib/error.js":{},
	"/boot/lib/model.js":{},
	"/boot/lib/callback.js":{},
	"/boot/lib/operation.js":{},
	"/boot/lib/servercall.js":{},
	"/boot/lib/process.js":{},
	"/boot/lib/cmd.js":{},
	"/boot/lib/user.js":{},
	"/boot/lib/file.js":{},

	"/boot/lib/collection.js":{},
	"/boot/lib/ui.js":{},
	"/boot/lib/css.js":{},
	"/boot/lib/xml.js":{},
	"/boot/lib/translation.js":{},

	"/boot/includes/boot.js":{}
}