{
    "jsondb": {
        "callback": [
            "\\lib\\dao\\JSONDBFactory",
            "getLocalConnexion"
        ],
        "config": {},
        "default": true
    },
    "localfs": {
        "callback": [
            "\\lib\\dao\\LocalFSFactory",
            "getLocalConnexion"
        ],
        "config": {}
    },
    "ldap": {
        "callback": [
            "\\lib\\dao\\LDAPFactory",
            "getConnexion"
        ],
        "config": {
            "host":"localhost",
            "port":389,
            "baseDn":"dc=example,dc=org",
            "bindRdn":"cn=Manager,dc=example,dc=org",
            "bindPassword":"secret"
        }
    },
    "session": {
        "callback": [
            "\\lib\\dao\\SessionProvider",
            "getSession"
        ]
    }
}