{
	"executeGetContents":[
		{
			"argument":0,
			"permission":"file.read"
		}
	],
	"executeGetAsBinary":[
		{
			"argument":0,
			"permission":"file.read"
		}
	],
	"executeGetMinified":[
		{
			"argument":0,
			"permission":"file.read"
		}
	],
	"executeReadDir":[
		{
			"argument":0,
			"permission":"file.read"
		}
	],
	"executeGetData":[
		{
			"argument":0,
			"permission":"file.read"
		}
	],
	"executeRename":[
		{
			"argument":0,
			"permission":"file.write"
		}
	],
	"executeCopy":[
		{
			"argument":0,
			"permission":"file.read"
		},
		{
			"argument":1,
			"permission":"file.write"
		}
	],
	"executeMove":[
		{
			"argument":0,
			"permission":"file.write"
		},
		{
			"argument":1,
			"permission":"file.write"
		}
	],
	"executeDelete":[
		{
			"argument":0,
			"permission":"file.write"
		}
	],
	"executeCreateFile":[
		{
			"argument":0,
			"permission":"file.write"
		}
	],
	"executeCreateFolder":[
		{
			"argument":0,
			"permission":"file.write"
		}
	],
	"executeSetContents":[
		{
			"argument":0,
			"permission":"file.write"
		}
	],
	"executeSetContentsAsBinary":[
		{
			"argument":0,
			"permission":"file.write"
		}
	],
	"executeUpload":[
		{
			"argument":0,
			"permission":"file.write"
		}
	],
	"executeShare":[
		{
			"argument":0,
			"permission":"file.write"
		}
	],
	"executeSearch":[
		{
			"argument":1,
			"permission":"file.read"
		}
	]
}