{
	"executeCanRegister":[],
	"executeGetLogged":[],
	"executeGetAttribute":[
		{
			"argument":0,
			"permission":"user.read"
		}
	],
	"executeGetAttributes":[
		{
			"argument":0,
			"permission":"user.read"
		}
	],
	"executeGetAttributesByUsername":[
		{
			"argument":0,
			"permission":"user.read"
		}
	],
	"executeGetList":[
		{
			"permission":"user.read"
		}
	],
	"executeGetAuthorizations":[
		{
			"argument":0,
			"permission":"user.read"
		}
	],
	"executeGetStats":[
		{
			"permission":"user.read"
		}
	],

	"executeConnect":[],
	"executeDisconnect":[],
	"executeSetAttribute":[],
	"executeSetMultipleAttributes":[],
	"executeSetPassword":[
		{
			"argument":0,
			"permission":"user.edit"
		}
	],
	"executeSetAuthorizations":[
		{
			"argument":0,
			"permission":"user.manage"
		}
	],
	"executeSetEnabled":[
		{
			"argument":0,
			"permission":"user.manage"
		}
	],
	"executeRemove":[
		{
			"argument":0,
			"permission":"user.edit"
		}
	],
	"executeCreate":[
		{
			"permission":"user.manage"
		}
	],
	"executeRegister":[],
	"executeCanResetPassword":[],
	"executeSendResetPasswordRequest":[],
	"executeGetTokenByEmail":[],
	"executeResetPassword":[]
}