<?xml version="1.0" encoding="UTF-8"?>
<dashboards>
	<dashboard id="0">
		<attributes>
			<attribute name="position" value="top"/>
		</attributes>
		<applets>
			<applet>
				<attribute name="library" value="usr/lib/gnome/applets/mainmenu.js"/>
				<attribute name="name" value="MainMenu"/>
				<attribute name="position" value="left"/>
			</applet>
			<applet>
				<attribute name="library" value="usr/lib/gnome/applets/powermenu.js"/>
				<attribute name="name" value="PowerMenu"/>
				<attribute name="position" value="right"/>
			</applet>
			<applet>
				<attribute name="library" value="usr/lib/gnome/applets/calendar.js"/>
				<attribute name="name" value="Calendar"/>
				<attribute name="position" value="right"/>
			</applet>
			<applet>
				<attribute name="library" value="usr/lib/gnome/applets/memenu.js"/>
				<attribute name="name" value="MeMenu"/>
				<attribute name="position" value="right"/>
			</applet>
			<applet>
				<attribute name="library" value="usr/lib/gnome/applets/notifications.js"/>
				<attribute name="name" value="NotificationsArea"/>
				<attribute name="position" value="right"/>
			</applet>
		</applets>
	</dashboard>
	<dashboard id="1">
		<attributes>
			<attribute name="position" value="bottom"/>
		</attributes>
		<applets>
			<applet>
				<attribute name="library" value="usr/lib/gnome/applets/desktopbutton.js"/>
				<attribute name="name" value="DesktopButton"/>
				<attribute name="position" value="left"/>
			</applet>
			<applet>
				<attribute name="library" value="usr/lib/gnome/applets/windowsbuttons.js"/>
				<attribute name="name" value="WindowsButtons"/>
				<attribute name="position" value="left"/>
			</applet>
			<applet>
				<attribute name="library" value="usr/lib/gnome/applets/workspaceswitcher.js"/>
				<attribute name="name" value="WorkspaceSwitcher"/>
				<attribute name="position" value="right"/>
			</applet>
		</applets>
	</dashboard>
</dashboards>
