<?xml version="1.0" encoding="UTF-8"?>
<shortcut>
	<attribute name="title" value="Bug reporting"/>
	<attribute name="title" lang="fr_FR" value="Rapport de bugs"/>
	<attribute name="title" lang="es_ES" value="Reporte de fallos"/>
	<attribute name="description" value="Report bugs"/>
	<attribute name="description" lang="fr_FR" value="Rapporter des bugs"/>
	<attribute name="description" lang="es_ES" value="Reportar fallo"/>
	<attribute name="command" value="apport-gui"/>
	<attribute name="icon" value="status/warning"/>
	<attribute name="menu" value="applications"/>
	<attribute name="category" value="accessories"/>
</shortcut>