<?xml version="1.0" encoding="UTF-8"?>
<shortcut>
	<attribute name="title" value="Documents"/>
	<attribute name="title" lang="fr_FR" value="Documents"/>
	<attribute name="title" lang="es_ES" value="Documentos"/>
	<attribute name="description" value="Open documents"/>
	<attribute name="description" lang="fr_FR" value="Ouvrir les documents"/>
	<attribute name="description" lang="es_ES" value="Abrir documentos"/>
	<attribute name="command" value="nautilus ~/Documents"/>
	<attribute name="command" lang="fr_FR" value="nautilus ~/Documents"/>
	<attribute name="command" lang="es_ES" value="nautilus ~/Documentos"/>
	<attribute name="icon" value="places/folder-documents"/>
	<attribute name="menu" value="places"/>
</shortcut>