<?xml version="1.0" encoding="UTF-8"?>
<shortcut>
	<attribute name="title" value="gedit text editor"/>
	<attribute name="title" lang="fr_FR" value="Éditeur de texte gedit"/>
	<attribute name="title" lang="es_ES" value="Editor de texto gedit"/>
	<attribute name="description" value="Edit plain text files"/>
	<attribute name="description" lang="fr_FR" value="Éditer des fichiers texte"/>
	<attribute name="description" lang="es_ES" value="Editar ficheros de texto"/>
	<attribute name="command" value="gedit"/>
	<attribute name="icon" value="apps/text-editor"/>
	<attribute name="menu" value="applications"/>
	<attribute name="category" value="accessories"/>
	<attribute name="open" value="txt,c,h,c++,java,clj,coffee,aspx,ejs,jsp,html,js,pl,pm,py,rb,diff,gfm,lua,php,css,r,rst,xml"/>
	<attribute name="openMimeTypes" value="text/*"/>
</shortcut>