<?xml version="1.0" encoding="UTF-8"?>
<shortcut>
	<attribute name="title" value="Applications translator"/>
	<attribute name="title" lang="fr_FR" value="Traduction d'applications"/>
	<attribute name="title" lang="es_ES" value="Traducción de aplicaciones"/>
	<attribute name="description" value="Translate applications"/>
	<attribute name="description" lang="fr_FR" value="Traduire des applications"/>
	<attribute name="description" lang="es_ES" value="Traducir aplicaciones"/>
	<attribute name="command" value="gnome-translate"/>
	<attribute name="icon" value="apps/translate"/>
	<attribute name="menu" value="system"/>
	<attribute name="category" value="administration"/>
	<attribute name="open" value="ini,js"/>
</shortcut>