<?xml version="1.0" encoding="UTF-8"?>
<shortcut>
	<attribute name="title" value="Forgot password"/>
	<attribute name="title" lang="fr_FR" value="Mot de passe perdu"/>
	<attribute name="description" value="Reset my password"/>
	<attribute name="description" lang="fr_FR" value="Réinitialiser mon mot de passe"/>
	<attribute name="command" value="gnome-login --forgot-password"/>
	<attribute name="icon" value="actions/keys"/>
	<attribute name="menu" value="system"/>
	<attribute name="category" value="administration"/>
	<attribute name="hidden" value="1"/>
</shortcut>