<?xml version="1.0" encoding="UTF-8"?>
<shortcut>
	<attribute name="title" value="Google Documents"/>
	<attribute name="description" value="Display and edit Google Docs files"/>
	<attribute name="description" lang="fr_FR" value="Afficher et éditer des fichiers Google Docs"/>
	<attribute name="description" lang="es_ES" value="Mostrar y editar ficheros de Google Docs"/>
	<attribute name="command" value="google-docs"/>
	<attribute name="icon" value="applications/google-docs"/>
	<attribute name="category" value="office"/>
	<attribute name="openMimeTypes" value="application/vnd.google-apps.*,application/*,text/html,video/mpeg,video/mp4,video/webm,video/x-ms-wmv,application/vnd.openxmlformats-officedocument.wordprocessingml.document,application/msword,application/vnd.ms-excel,application/vnd.openxmlformats-officedocument.spreadsheetml.sheet,application/vnd.openxmlformats-officedocument.presentationml.presentation,application/vnd.ms-powerpoint,application/pdf,application/postscript,image/vnd.adobe.photoshop, 	image/vnd.dxf,application/zip,application/x-rar-compressed"/>
	<attribute name="type" value="word-processor"/>
</shortcut>