<?xml version="1.0" encoding="UTF-8"?>
<shortcut>
	<attribute name="title" value="Software updater"/>
	<attribute name="title" lang="fr_FR" value="Gestionnaire de mises à jour"/>
	<attribute name="title" lang="es_ES" value="Gestor de actualizaciones"/>
	<attribute name="description" value="Check and install software updates"/>
	<attribute name="description" lang="fr_FR" value="Vérifier et installer les mises à jour"/>
	<attribute name="description" lang="es_ES" value="Verificar e instalar las actualizaciones"/>
	<attribute name="command" value="update-manager"/>
	<attribute name="icon" value="apps/update-manager"/>
	<attribute name="menu" value="system"/>
	<attribute name="category" value="administration"/>
</shortcut>