<?xml version="1.0" encoding="UTF-8"?>
<shortcut>
	<attribute name="title" value="Web browser"/>
	<attribute name="title" lang="fr_FR" value="Navigateur web"/>
	<attribute name="title" lang="es_ES" value="Navegador web"/>
	<attribute name="description" value="Browse the web"/>
	<attribute name="description" lang="fr_FR" value="Naviguer sur le web"/>
	<attribute name="description" lang="es_ES" value="Navegar por la web"/>
	<attribute name="command" value="web-browser"/>
	<attribute name="icon" value="apps/web-browser"/>
	<attribute name="menu" value="applications"/>
	<attribute name="category" value="internet"/>
	<attribute name="open" value="html,htm"/>
	<attribute name="openMimeTypes" value="text/html"/>
	<attribute name="type" value="web-browser"/>
</shortcut>