<?xml version="1.0" encoding="UTF-8"?>
<dashboards>
	<dashboard id="0">
		<attributes>
			<attribute name="position" value="top"/>
		</attributes>
		<applets>
			<applet>
				<attribute name="library" value="usr/lib/gnome/applets/gnome-shell-panel.js"/>
				<attribute name="name" value="GnomeShellPanel"/>
				<attribute name="position" value="left"/>
			</applet>
			<applet>
				<attribute name="library" value="usr/lib/gnome/applets/gnome-shell-memenu.js"/>
				<attribute name="name" value="GnomeShellMeMenu"/>
				<attribute name="position" value="right"/>
			</applet>
			<applet>
				<attribute name="library" value="usr/lib/gnome/applets/notifications.js"/>
				<attribute name="name" value="NotificationsArea"/>
				<attribute name="position" value="right"/>
			</applet>
			<applet>
				<attribute name="library" value="usr/lib/gnome/applets/calendar.js"/>
				<attribute name="name" value="Calendar"/>
				<attribute name="position" value="right"/>
			</applet>
		</applets>
	</dashboard>
</dashboards>